{"camera":{"position":{"x":-2.71221,"y":105.722,"z":-5.17727},"direction":{"x":-0.40558,"y":0.40558,"z":-0.819152},"fov":70.0},"aabb":{"min":{"x":-2.0,"y":100.01,"z":-1.0003},"max":{"x":2.0,"y":105.882,"z":1.94781}},"mtl":"30DAY-271abb8805b025b3e5d7852fa7b572a0","obj":"30DAY-ce7090df69f5476acd9db641eab9020d","textures":["30DAY-78a1fe02ce4ca7bfe1b081c4431b4785","30DAY-3bfc9d4a0f9681eaf00b72273964f442"]}